Input,p,T(p),S(p),E(p)     
100x100,1,0.01169,1.00000,1.00000        
100x100,4,0.00304,3.84891,0.96223  
300x300,1,0.27465,1.00000,1.00000        
300x300,4,0.06948,3.95299,0.98825
500x500,1,1.36929,1.00000,1.00000        
500x500,4,0.31782,4.30841,1.07710     
800x800,1,6.85955,1.00000,1.00000        
800x800,4,1.30927,5.23920,1.30980   
1000x1000,1,13.94949,1.00000,1.00000        
1000x1000,4,2.74890,5.07457,1.26864    
